Id,First_name,Last_name,Email,Gender,Dob
347,Annaliese,Hatrey,ahatrey0@goo.gl,Female,1981-12-14
823,Quincey,Kennealy,qkennealy1@nationalgeographic.com,Male,1998-02-24
1012,Ashly,Puttnam,aputtnam2@dailymotion.com,Female,2004-12-04
504,Kerk,Shewsmith,kshewsmith3@stanford.edu,Male,1974-11-20
474,Thadeus,MacCaughen,tmaccaughen4@aboutads.info,Male,1978-12-27
542,Chaunce,Wiltshire,cwiltshire5@tamu.edu,Male,1983-05-28
450,Filip,Samways,fsamways6@jiathis.com,Male,1979-08-03
335,Iseabal,Soar,isoar7@printfriendly.com,Female,2015-06-06
577,Francine,Connow,fconnow8@timesonline.co.uk,Female,2014-11-13
781,Haleigh,Link,hlink9@bing.com,Female,1977-03-03
822,Graehme,Di Giacomettino,gdigiacomettinoa@indiatimes.com,Male,2014-01-08
402,Humbert,Pulley,hpulleyb@latimes.com,Male,1997-06-25
829,Olly,Farndale,ofarndalec@wordpress.com,Bigender,1984-04-07
388,Timothee,Cousen,tcousend@ucla.edu,Male,1969-09-05
205,Joelynn,McGettrick,jmcgettricke@newsvine.com,Female,1976-07-08
1042,Storm,Brummitt,sbrummittf@surveymonkey.com,Female,1986-10-02
989,Bax,Stairmond,bstairmondg@geocities.jp,Male,1982-01-09
622,Regen,Ivanishin,rivanishinh@webnode.com,Male,2022-04-22
482,Nani,Ellerker,nellerkeri@prnewswire.com,Female,1987-08-18
1031,Hermine,Leyshon,hleyshonj@pcworld.com,Female,1991-06-14
316,Chrysler,Naisbit,cnaisbitk@live.com,Bigender,1980-04-14
860,Wallas,Pauleit,wpauleitl@altervista.org,Male,1985-07-22
397,Rob,Wagenen,rwagenenm@surveymonkey.com,Male,2009-06-19
1046,Doralynn,Hammonds,dhammondsn@tmall.com,Female,1997-03-20
874,Ted,Ivanaev,tivanaevo@ycombinator.com,Male,1998-03-24
688,Lewie,Kedge,lkedgep@miibeian.gov.cn,Male,1980-06-03
914,Rickey,Foulis,rfoulisq@state.gov,Male,1979-11-04
220,Dalli,Lockley,dlockleyr@vkontakte.ru,Male,2010-12-13
702,Yorker,Olliffe,yolliffes@indiegogo.com,Bigender,1974-05-02
237,Pietro,Fife,pfifet@bandcamp.com,Male,1968-08-08
861,Vitia,Awin,vawinu@sciencedaily.com,Female,2001-03-19
726,Paulette,Benardette,pbenardettev@wp.com,Female,1993-04-03
653,Herculie,Reef,hreefw@pcworld.com,Male,2022-06-11
924,Hilarius,Hamil,hhamilx@nature.com,Male,2015-04-17
787,Aeriell,Haughey,ahaugheyy@walmart.com,Non-binary,1973-01-26
494,Olga,MacQueen,omacqueenz@army.mil,Female,1982-05-05
732,Ulrick,Dominguez,udominguez10@last.fm,Male,2016-11-20
430,Nona,Skeermor,nskeermor11@nhs.uk,Female,1976-05-11
949,Winnie,Baake,wbaake12@wordpress.org,Male,1991-01-16
1027,Britney,Stiegars,bstiegars13@webmd.com,Female,2022-01-17
834,Oneida,Rubie,orubie14@marketwatch.com,Female,1980-08-03
119,Welsh,Atkinson,watkinson15@youku.com,Male,2002-01-02
881,Arnuad,Creany,acreany16@pcworld.com,Male,1968-10-01
855,Weston,Abrahmson,wabrahmson17@latimes.com,Male,2004-06-05
1034,Nikolaos,Hollyland,nhollyland18@altervista.org,Agender,1990-08-31
312,Walther,Fretwell,wfretwell19@taobao.com,Male,1989-01-18
350,Tripp,Tutsell,ttutsell1a@twitpic.com,Male,1979-04-18
427,Merci,Gollop,mgollop1b@nih.gov,Female,1992-05-29
837,Syd,Compfort,scompfort1c@vk.com,Male,1979-09-30
101,Meade,Twinborough,mtwinborough1d@miibeian.gov.cn,Female,1997-09-02
546,Tiler,Elan,telan1e@histats.com,Male,1980-04-03
776,Lindsay,Bleakley,lbleakley1f@amazon.de,Female,1977-04-09
728,Yves,Reightley,yreightley1g@nationalgeographic.com,Male,1984-02-02
366,Odilia,Elverston,oelverston1h@bloglovin.com,Female,2015-07-16
700,Noreen,Bragg,nbragg1i@hatena.ne.jp,Female,2011-11-11
367,Izaak,Gaw,igaw1j@spiegel.de,Male,1969-03-17
546,Farrell,Decreuze,fdecreuze1k@infoseek.co.jp,Male,1989-08-23
838,Kay,Coultard,kcoultard1l@meetup.com,Non-binary,1997-12-31
961,Stacie,Chaloner,schaloner1m@amazonaws.com,Female,2022-03-11
350,Leanora,Burchnall,lburchnall1n@gmpg.org,Female,1997-05-16
958,Leonora,Giametti,lgiametti1o@aol.com,Female,2015-02-26
403,Neysa,Wogan,nwogan1p@elegantthemes.com,Female,1995-09-26
302,Dill,Stoyell,dstoyell1q@yolasite.com,Male,2005-01-03
1095,Rory,Bonhan,rbonhan1r@abc.net.au,Female,2011-01-28
933,Darleen,McElane,dmcelane1s@51.la,Polygender,2011-11-01
150,Sinclare,Barber,sbarber1t@networksolutions.com,Male,1969-04-07
1089,Abby,Triebner,atriebner1u@indiatimes.com,Male,2007-04-09
796,Naomi,Feaster,nfeaster1v@ucla.edu,Female,1975-03-12
935,Cassey,Gammons,cgammons1w@tmall.com,Female,1998-03-26
640,Gertie,Durie,gdurie1x@trellian.com,Female,1991-08-09
1058,Tootsie,Andrys,tandrys1y@de.vu,Female,1978-09-09
401,Rogerio,Hugenin,rhugenin1z@topsy.com,Male,1984-10-16
401,Julietta,Redpath,jredpath20@cnn.com,Female,2005-11-22
1081,Giuditta,Snodin,gsnodin21@amazon.co.jp,Female,1998-01-28
529,Nancey,Whebell,nwhebell22@google.com.br,Female,1967-07-12
431,Llewellyn,Sandes,lsandes23@ifeng.com,Genderqueer,1997-12-02
430,Lawry,Mulroy,lmulroy24@csmonitor.com,Male,1996-09-27
874,Angie,Fonzone,afonzone25@hibu.com,Female,1982-09-04
556,Loren,McGall,lmcgall26@alibaba.com,Male,2016-04-22
238,Sargent,Mottershaw,smottershaw27@cocolog-nifty.com,Male,2003-12-30
167,Barbey,Hubery,bhubery28@slate.com,Female,2021-08-28
973,Creight,Murfin,cmurfin29@bloglines.com,Male,1981-07-12
939,Paul,Drable,pdrable2a@marriott.com,Male,1968-12-03
319,Starlin,Napoleon,snapoleon2b@ed.gov,Female,1998-07-20
169,Cristabel,Wraith,cwraith2c@networkadvertising.org,Female,1979-06-29
1045,Glyn,Rochell,grochell2d@yahoo.co.jp,Male,1993-01-07
723,Galina,Yeo,gyeo2e@ucoz.com,Female,1969-12-20
554,Killy,Wisdish,kwisdish2f@theatlantic.com,Male,1974-01-13
997,Dillon,Brinded,dbrinded2g@phpbb.com,Male,1971-07-04
147,Tyne,Rizziello,trizziello2h@tuttocitta.it,Female,2022-04-24
923,Henderson,Patmore,hpatmore2i@cdbaby.com,Male,2013-01-01
905,Hollyanne,Gives,hgives2j@ucsd.edu,Female,1977-08-03
720,Carmel,Hoggan,choggan2k@samsung.com,Female,1977-07-25
432,Daveen,Bavin,dbavin2l@myspace.com,Female,1971-01-08
1097,Harri,Franklen,hfranklen2m@instagram.com,Female,1985-05-13
926,Nickie,McVeighty,nmcveighty2n@ovh.net,Polygender,1972-08-27
899,Ignacio,Fforde,ifforde2o@furl.net,Male,2009-11-05
305,Dick,Landeg,dlandeg2p@over-blog.com,Male,1984-10-16
402,Davida,Rousel,drousel2q@squidoo.com,Female,1988-06-05
440,Paloma,McNee,pmcnee2r@meetup.com,Female,2019-12-21
962,Ax,Cappleman,acappleman2s@goodreads.com,Male,2006-03-13
548,Chandal,Rudyard,crudyard2t@china.com.cn,Female,2016-04-16
693,Eliot,Dudson,edudson2u@mapy.cz,Male,1993-12-04
484,April,Triplet,atriplet2v@xinhuanet.com,Female,2009-06-21
797,Elsworth,Kittley,ekittley2w@elpais.com,Male,1970-02-26
900,Theresa,Impy,timpy2x@irs.gov,Genderfluid,1994-01-15
668,Lari,Hext,lhext2y@pbs.org,Female,1987-07-19
963,Collette,Goreway,cgoreway2z@cyberchimps.com,Female,1973-01-14
121,Miquela,Weekley,mweekley30@1und1.de,Female,1988-11-04
433,Tybi,Sheeran,tsheeran31@dion.ne.jp,Female,2014-07-28
511,Jerome,Kopelman,jkopelman32@nifty.com,Male,1982-11-10
930,Quent,Rafferty,qrafferty33@blinklist.com,Male,2020-09-12
1002,Emylee,Chable,echable34@skype.com,Female,1978-02-03
785,Adorne,Papaccio,apapaccio35@ted.com,Female,1972-03-04
269,Mitchel,Egell,megell36@sourceforge.net,Male,1996-09-18
132,Nat,Mellmer,nmellmer37@accuweather.com,Genderqueer,2005-10-13
986,Sigfrid,Cobley,scobley38@printfriendly.com,Male,2004-09-09
298,Goldina,Medlin,gmedlin39@cbsnews.com,Female,2002-02-17
1065,Wendy,Rudwell,wrudwell3a@jiathis.com,Female,1998-03-20
340,Giusto,Pingstone,gpingstone3b@unesco.org,Male,2014-05-03
971,Geralda,Durtnell,gdurtnell3c@live.com,Female,2009-07-19
493,Eleni,Klemmt,eklemmt3d@chicagotribune.com,Female,2007-02-10
776,Brit,Dobrowolny,bdobrowolny3e@tumblr.com,Male,2009-01-04
286,Barbara-anne,Ruthven,bruthven3f@foxnews.com,Female,2001-12-13
1012,Dorotea,Banbrigge,dbanbrigge3g@latimes.com,Female,2007-08-16
403,Madel,Sholem,msholem3h@redcross.org,Female,2000-07-18
233,Dorian,Bedbury,dbedbury3i@miibeian.gov.cn,Male,1998-12-11
840,Darbie,Woolvett,dwoolvett3j@cafepress.com,Agender,1994-06-10
155,Jennica,Frigot,jfrigot3k@yandex.ru,Female,2013-07-09
610,Jacklyn,Vaulkhard,jvaulkhard3l@phpbb.com,Female,1999-03-04
285,Alana,Turri,aturri3m@diigo.com,Female,1996-01-23
651,Brandtr,Stidever,bstidever3n@reddit.com,Male,2023-01-04
645,Alvira,Ferriere,aferriere3o@amazon.co.jp,Female,1999-05-03
678,Ruben,Osmar,rosmar3p@macromedia.com,Genderqueer,2007-07-21
910,Elwira,Glancey,eglancey3q@noaa.gov,Female,2009-08-05
420,Rabi,Sammars,rsammars3r@posterous.com,Male,2001-10-23
505,Poul,Keetch,pkeetch3s@e-recht24.de,Male,2020-05-22
801,Dot,Coye,dcoye3t@cbsnews.com,Female,1992-10-26
598,Carlo,Dreng,cdreng3u@fc2.com,Male,1988-03-29
176,Shanon,Readman,sreadman3v@state.tx.us,Female,1994-10-11
269,Reinold,Ellesworth,rellesworth3w@prnewswire.com,Male,2013-09-28
259,Brit,Pegden,bpegden3x@friendfeed.com,Male,1984-10-12
365,Merrily,Pilkinton,mpilkinton3y@cornell.edu,Non-binary,1979-02-14
1014,Agustin,Pharaoh,apharaoh3z@harvard.edu,Male,2011-04-19
523,Brook,Cookney,bcookney40@opensource.org,Female,1981-11-18
220,Mureil,Chalcraft,mchalcraft41@last.fm,Female,1989-09-04
823,Curt,Thor,cthor42@csmonitor.com,Male,2015-05-27
892,Irma,Ossulton,iossulton43@webs.com,Female,1993-04-28
907,Imojean,Koenraad,ikoenraad44@moonfruit.com,Female,1984-01-20
278,Haleigh,Kirwood,hkirwood45@tamu.edu,Male,1967-11-27
744,Michaeline,Ewols,mewols46@cdbaby.com,Female,1968-03-03
884,Randell,Venner,rvenner47@so-net.ne.jp,Male,2011-09-01
365,Caz,McKennan,cmckennan48@biglobe.ne.jp,Male,1985-07-13
1004,Dody,Kervin,dkervin49@illinois.edu,Female,2020-03-23
972,Robin,Pitbladdo,rpitbladdo4a@apache.org,Male,2001-03-24
173,Shaw,Brazur,sbrazur4b@smh.com.au,Genderfluid,2020-05-18
111,Jocko,Lazonby,jlazonby4c@cnn.com,Male,1984-07-10
1087,Michel,Rastrick,mrastrick4d@quantcast.com,Female,2020-03-02
741,Milena,Cathie,mcathie4e@furl.net,Female,2022-02-25
962,Zolly,Filgate,zfilgate4f@reuters.com,Male,1972-11-01
764,Shalom,Willison,swillison4g@cyberchimps.com,Male,2017-10-09
834,Evin,Okill,eokill4h@ted.com,Male,1971-12-03
625,Verina,Horstead,vhorstead4i@dropbox.com,Female,1976-01-10
674,Filberto,Hammerstone,fhammerstone4j@goodreads.com,Male,2004-06-20
870,Edita,Elcott,eelcott4k@ehow.com,Female,2011-04-22
664,Raye,Cranfield,rcranfield4l@nba.com,Female,1972-02-05
620,Kristi,Wogdon,kwogdon4m@etsy.com,Female,2013-07-31
940,Ophelia,Sale,osale4n@sina.com.cn,Female,1997-10-12
346,Raynor,Barks,rbarks4o@nymag.com,Male,1995-11-15
1056,Charley,Glavias,cglavias4p@fda.gov,Male,1988-09-16
628,Claribel,Phillipson,cphillipson4q@webeden.co.uk,Genderqueer,1989-07-01
308,Renato,Slateford,rslateford4r@youtube.com,Male,1988-07-27
970,Bond,Klimkin,bklimkin4s@mapy.cz,Male,1997-03-19
707,Merline,Ferries,mferries4t@nymag.com,Bigender,1985-10-14
258,Corrianne,Barniss,cbarniss4u@blinklist.com,Female,1993-11-14
487,Jorgan,Amiss,jamiss4v@blogs.com,Male,1980-06-21
215,Giraud,Opie,gopie4w@squidoo.com,Male,2006-03-21
582,Elsey,Darter,edarter4x@fc2.com,Female,2004-12-19
393,Stephanus,Ramalho,sramalho4y@dell.com,Male,2021-03-15
954,Sigrid,Lambal,slambal4z@dyndns.org,Female,1976-02-23
768,Donia,Bucktharp,dbucktharp50@barnesandnoble.com,Female,2009-02-02
111,Ignacius,Stanger,istanger51@fotki.com,Male,2007-02-08
1039,Chevy,Winyard,cwinyard52@studiopress.com,Male,2008-01-22
195,Elmer,Rand,erand53@japanpost.jp,Male,2011-11-18
983,Hetty,Hardman,hhardman54@samsung.com,Female,2009-02-12
212,Mannie,Klimshuk,mklimshuk55@pcworld.com,Male,2000-07-31
239,Minetta,Tidgewell,mtidgewell56@mozilla.org,Female,2000-11-29
802,Alvie,Viall,aviall57@marriott.com,Male,1999-07-20
983,Jeni,Simoni,jsimoni58@purevolume.com,Female,1983-02-15
969,Billie,Airdrie,bairdrie59@google.fr,Female,1983-06-04
183,Janessa,Dallaghan,jdallaghan5a@geocities.com,Female,1974-03-27
1063,Berti,Gofforth,bgofforth5b@usa.gov,Male,1973-10-17
535,Shoshanna,Bleiman,sbleiman5c@com.com,Genderqueer,1984-04-15
795,Giustina,Domengue,gdomengue5d@amazon.co.uk,Female,1991-03-07
198,Rheta,Quickfall,rquickfall5e@hostgator.com,Female,1998-11-02
1036,Laureen,Eaklee,leaklee5f@csmonitor.com,Female,2003-06-25
888,Ario,Rantoull,arantoull5g@tumblr.com,Bigender,2008-06-24
899,Bendick,Cartmail,bcartmail5h@vinaora.com,Male,1976-12-30
588,Vivianne,Husthwaite,vhusthwaite5i@pagesperso-orange.fr,Female,2010-06-08
1086,Brion,Snookes,bsnookes5j@samsung.com,Male,1977-12-14
365,Sallee,Corn,scorn5k@nsw.gov.au,Agender,1997-10-15
599,Courtenay,Threader,cthreader5l@meetup.com,Female,1995-06-17
907,Brigida,Dallander,bdallander5m@rediff.com,Female,1987-11-03
784,Albie,Ingerman,aingerman5n@webeden.co.uk,Polygender,1987-04-11
305,Binny,Neagle,bneagle5o@java.com,Female,2023-02-14
506,Felicity,Ofen,fofen5p@wiley.com,Female,2016-04-01
817,Tomlin,Pariss,tpariss5q@delicious.com,Male,1976-05-20
555,Langsdon,Lomaz,llomaz5r@yolasite.com,Male,2009-07-24
496,Arnuad,Spradbery,aspradbery5s@netscape.com,Male,2003-02-01
514,Edwina,Primo,eprimo5t@cisco.com,Female,1976-11-16
717,Meg,McAmish,mmcamish5u@mac.com,Genderqueer,2021-06-23
684,Hadley,Pilmer,hpilmer5v@storify.com,Male,2019-01-22
620,Craggy,Dran,cdran5w@newsvine.com,Polygender,1968-01-25
318,Frederich,Reihm,freihm5x@dagondesign.com,Male,1984-07-25
523,Gardie,Kinnier,gkinnier5y@techcrunch.com,Male,1995-06-07
532,Mason,Danaher,mdanaher5z@csmonitor.com,Male,1981-02-23
667,Ashton,Sutherington,asutherington60@ezinearticles.com,Male,2023-01-28
159,Dom,Riceards,driceards61@geocities.com,Male,2000-08-03
363,Jourdan,Bucksey,jbucksey62@thetimes.co.uk,Female,1997-07-05
948,Verge,Prinett,vprinett63@columbia.edu,Male,1970-04-26
578,Tallulah,Betts,tbetts64@yelp.com,Genderqueer,1999-06-04
1035,Linet,Scarsbrooke,lscarsbrooke65@army.mil,Non-binary,2020-11-02
835,Ilsa,Honeywood,ihoneywood66@mozilla.com,Female,2014-04-06
372,Paddie,Gierok,pgierok67@japanpost.jp,Male,2008-06-10
1087,Deirdre,Fayter,dfayter68@jalbum.net,Female,1996-07-08
1019,Berta,Porritt,bporritt69@rakuten.co.jp,Female,2003-08-09
950,Kordula,Imore,kimore6a@oakley.com,Female,2020-09-27
606,Teddi,Gavrielly,tgavrielly6b@issuu.com,Female,2018-03-17
102,Leon,Tubridy,ltubridy6c@booking.com,Male,2015-12-13
624,Catharine,Cashin,ccashin6d@blogger.com,Bigender,2008-04-25
813,Selie,Comford,scomford6e@accuweather.com,Female,2003-06-07
396,Elmo,Gecks,egecks6f@usgs.gov,Male,1983-03-16
451,Rachele,Jeandillou,rjeandillou6g@fastcompany.com,Female,2009-08-25
285,Laurianne,Bugdale,lbugdale6h@sciencedirect.com,Female,2016-04-01
517,Dasya,Harvey,dharvey6i@comsenz.com,Female,2004-06-29
219,Purcell,MacCard,pmaccard6j@ehow.com,Male,2018-01-13
551,Issi,Boscher,iboscher6k@aboutads.info,Female,2018-02-18
704,Witty,Cruddas,wcruddas6l@wordpress.com,Male,2020-04-11
595,Eddie,Farnan,efarnan6m@skype.com,Non-binary,1979-10-14
367,Kenny,Hounsome,khounsome6n@de.vu,Male,1993-08-16
424,Dorena,Lowther,dlowther6o@amazon.com,Female,1989-09-28
593,Burlie,Rothchild,brothchild6p@apple.com,Male,2011-12-24
542,Sheree,Gomar,sgomar6q@taobao.com,Female,1994-10-26
358,Cassi,Roistone,croistone6r@opera.com,Female,1973-11-07
150,Frederik,Mixture,fmixture6s@cmu.edu,Male,1986-12-24
308,Arlina,Moulton,amoulton6t@aboutads.info,Female,1998-10-27
664,Cosette,Python,cpython6u@cloudflare.com,Female,2011-04-26
128,Blaine,Vicarey,bvicarey6v@google.it,Male,1989-02-13
477,Jeannine,Maude,jmaude6w@seesaa.net,Female,2016-07-07
814,Rebbecca,Fierro,rfierro6x@nasa.gov,Female,2018-03-16
260,Delphinia,Stenett,dstenett6y@tiny.cc,Female,2001-05-01
701,Berty,Brandts,bbrandts6z@kickstarter.com,Female,1988-07-29
1003,Madison,Wear,mwear70@g.co,Male,1972-06-30
576,Flossie,Oldknow,foldknow71@google.it,Female,1972-11-27
1036,Todd,Balwin,tbalwin72@tripod.com,Male,1995-01-28
450,Constantino,Moizer,cmoizer73@com.com,Male,1991-11-29
851,Marilyn,Gouldthorpe,mgouldthorpe74@unblog.fr,Female,1982-05-16
736,Candy,Ainscough,cainscough75@tinypic.com,Female,1974-09-04
877,Catlaina,MacLleese,cmaclleese76@cbsnews.com,Female,2021-02-03
1080,Harmon,Gathwaite,hgathwaite77@arizona.edu,Male,1995-09-19
813,Codi,Scay,cscay78@marriott.com,Female,1972-08-07
585,Addie,Amort,aamort79@meetup.com,Non-binary,2002-06-07
427,Giustina,Heijne,gheijne7a@diigo.com,Female,1995-11-04
434,Boothe,Sawyer,bsawyer7b@harvard.edu,Male,2002-09-11
1039,Arel,Lukianov,alukianov7c@patch.com,Male,2010-08-20
913,Sibyl,Dunsmuir,sdunsmuir7d@wisc.edu,Male,1973-05-11
602,Cornell,Newby,cnewby7e@theatlantic.com,Polygender,1975-03-31
806,Dalia,Gloves,dgloves7f@howstuffworks.com,Female,1988-06-26
962,Andreas,Hutson,ahutson7g@scribd.com,Male,1996-07-14
439,Nat,Laba,nlaba7h@nationalgeographic.com,Male,1987-11-08
557,Rand,Janczyk,rjanczyk7i@studiopress.com,Male,1986-11-30
776,Cherin,Rattry,crattry7j@yellowpages.com,Female,1985-11-12
768,Josey,Ramsbottom,jramsbottom7k@diigo.com,Female,2004-06-11
572,Sebastien,De Roberto,sderoberto7l@de.vu,Male,1971-06-23
217,Cammi,Jakes,cjakes7m@cloudflare.com,Female,1974-09-08
943,Sonni,Yeulet,syeulet7n@statcounter.com,Female,2004-12-07
540,Barney,Sellack,bsellack7o@umich.edu,Male,1980-10-28
1010,Lettie,Cansdall,lcansdall7p@google.ru,Female,2006-04-11
884,Lisabeth,Richings,lrichings7q@narod.ru,Female,1985-03-13
304,Blair,Zolini,bzolini7r@comcast.net,Male,1991-12-18
665,Bree,Gilling,bgilling7s@kickstarter.com,Female,2014-06-12
759,Alphonse,Chedzoy,achedzoy7t@symantec.com,Male,2003-01-28
392,Egbert,Towhey,etowhey7u@narod.ru,Male,1980-08-02
274,Brenna,Wrey,bwrey7v@free.fr,Female,2017-05-13
880,Kareem,Cheasman,kcheasman7w@youtube.com,Male,1978-12-03
605,Harvey,Ben,hben7x@ucoz.ru,Male,1971-01-31
963,Hans,Adamson,hadamson7y@tuttocitta.it,Male,2019-12-16
704,Peggie,McPhelimey,pmcphelimey7z@seesaa.net,Female,1994-09-13
859,Blinny,Poel,bpoel80@fema.gov,Female,2003-09-18
592,Willi,Connue,wconnue81@slideshare.net,Female,1985-04-04
674,Bernadine,Baxstare,bbaxstare82@nsw.gov.au,Female,2003-12-21
1011,Samuel,Hacquel,shacquel83@tiny.cc,Male,2016-08-18
523,Sela,Fossett,sfossett84@quantcast.com,Female,1996-07-29
967,Staffard,Flement,sflement85@globo.com,Male,2012-02-13
280,Wolfy,Happs,whapps86@mtv.com,Male,1988-10-20
571,Caprice,Powner,cpowner87@weebly.com,Female,1975-03-02
252,Truda,Burdfield,tburdfield88@miitbeian.gov.cn,Female,2005-04-09
300,Dominick,Pie,dpie89@soup.io,Male,1968-03-06
949,Buckie,Dimitru,bdimitru8a@storify.com,Male,1978-10-12
295,Nicolina,Ockland,nockland8b@sakura.ne.jp,Female,1970-08-12
711,Marina,Harrow,mharrow8c@cargocollective.com,Female,2023-01-09
880,Niki,Mateus,nmateus8d@typepad.com,Female,1991-03-14
772,Dale,Geill,dgeill8e@tripadvisor.com,Female,1989-11-21
429,Maxie,Godber,mgodber8f@shutterfly.com,Female,1995-08-20
873,Brit,Demcik,bdemcik8g@example.com,Female,1970-10-04
371,Cesaro,Espinal,cespinal8h@youtube.com,Male,2006-12-07
117,Odette,Ingleston,oingleston8i@google.nl,Female,2006-02-23
974,Tate,Slane,tslane8j@whitehouse.gov,Male,1995-05-25
959,Ronnie,Kyles,rkyles8k@statcounter.com,Female,2014-02-14
943,Debora,Hicks,dhicks8l@constantcontact.com,Female,1974-05-09
1057,Zora,Doohey,zdoohey8m@g.co,Female,1989-01-18
160,Edlin,Lembke,elembke8n@nationalgeographic.com,Genderfluid,1990-01-15
602,Wes,Olding,wolding8o@patch.com,Male,2011-10-05
686,Erek,Simunek,esimunek8p@constantcontact.com,Male,1999-02-14
578,Kirk,Kalinowsky,kkalinowsky8q@thetimes.co.uk,Male,1974-02-12
305,Raul,Swepstone,rswepstone8r@github.com,Male,2010-10-29
225,Kristofer,Langforth,klangforth8s@bandcamp.com,Male,1996-07-12
756,Eduino,Bygrave,ebygrave8t@ask.com,Male,1991-05-10
548,Garth,Stirrup,gstirrup8u@yellowbook.com,Genderfluid,2000-11-22
913,Worth,Bullocke,wbullocke8v@jiathis.com,Male,1992-04-23
787,Basilius,Graith,bgraith8w@amazon.com,Male,1997-04-10
285,Skylar,Mushrow,smushrow8x@multiply.com,Male,2011-03-09
728,Stefanie,Daspar,sdaspar8y@google.cn,Female,1999-06-17
396,Dian,Fairfoul,dfairfoul8z@ifeng.com,Female,1979-02-01
245,Margaux,Franses,mfranses90@wordpress.org,Female,1994-03-02
880,Celia,Flook,cflook91@ebay.com,Female,2006-03-29
711,Ursula,Hendricks,uhendricks92@barnesandnoble.com,Female,1986-05-25
641,Shelia,Grover,sgrover93@baidu.com,Female,2014-11-03
1000,Don,Sallings,dsallings94@odnoklassniki.ru,Male,2013-11-17
150,Alica,McLafferty,amclafferty95@stanford.edu,Female,2008-04-27
318,Arleen,Devil,adevil96@ox.ac.uk,Female,2011-07-11
428,Sutton,Osgood,sosgood97@google.com,Male,2010-01-15
762,Petronille,Orme,porme98@howstuffworks.com,Female,1994-02-07
242,Felice,McCarter,fmccarter99@noaa.gov,Female,2006-02-22
1058,Delmer,Shimmans,dshimmans9a@mozilla.com,Male,1991-05-12
616,Janos,Vigers,jvigers9b@oakley.com,Male,1971-11-14
624,Sophie,Quin,squin9c@cbc.ca,Female,2012-04-05
562,Janka,Gadie,jgadie9d@wunderground.com,Non-binary,2001-11-08
711,Fredrika,Culbard,fculbard9e@foxnews.com,Female,2023-05-11
604,Claudio,Hazeman,chazeman9f@acquirethisname.com,Male,2014-02-25
948,Courtney,Ville,cville9g@1688.com,Male,1989-12-24
615,Tootsie,Bumpas,tbumpas9h@51.la,Female,1990-12-04
165,Shepard,Asser,sasser9i@msu.edu,Non-binary,1985-09-21
1048,Claybourne,Andress,candress9j@storify.com,Male,1983-09-08
588,Trent,De Angelis,tdeangelis9k@kickstarter.com,Male,2018-02-14
638,Hastings,Chiverton,hchiverton9l@example.com,Male,1986-03-31
162,Fay,Steptow,fsteptow9m@stanford.edu,Female,1988-09-11
448,Eduardo,Duffett,eduffett9n@princeton.edu,Male,1990-11-19
895,Brantley,Blissitt,bblissitt9o@technorati.com,Male,1986-09-26
1034,Walt,Bulfoot,wbulfoot9p@blogspot.com,Genderqueer,1991-10-29
954,Tori,Kerton,tkerton9q@chicagotribune.com,Female,2022-06-09
836,Sidney,Gaskin,sgaskin9r@nyu.edu,Male,1990-04-03
221,Page,Appleton,pappleton9s@facebook.com,Male,1985-12-17
525,Danya,Warwick,dwarwick9t@netvibes.com,Male,1998-10-17
140,Jasmina,McCurley,jmccurley9u@hugedomains.com,Female,2016-12-04
1007,Pollyanna,Strang,pstrang9v@sakura.ne.jp,Female,1971-08-09
250,Glenna,Janczewski,gjanczewski9w@whitehouse.gov,Female,1990-08-22
542,Gaspard,Arnaldo,garnaldo9x@unicef.org,Male,1988-04-07
1028,Dyane,Wyd,dwyd9y@latimes.com,Female,2001-11-19
612,Lucho,Childers,lchilders9z@ning.com,Male,2010-02-27
306,Francisco,Erington,feringtona0@theguardian.com,Male,1997-03-31
926,Dave,Fazackerley,dfazackerleya1@epa.gov,Male,2022-09-13
645,Vina,Flieger,vfliegera2@mapy.cz,Female,2019-01-28
779,Justina,Jakubczyk,jjakubczyka3@yale.edu,Female,2016-09-23
1100,Gayler,Scaysbrook,gscaysbrooka4@oakley.com,Male,1977-04-07
855,Bellanca,Chessil,bchessila5@infoseek.co.jp,Female,2011-07-27
928,Gaelan,Lintott,glintotta6@ca.gov,Male,2018-10-18
841,Malena,Bernardeschi,mbernardeschia7@opensource.org,Female,1978-12-23
204,Torey,Witten,twittena8@squidoo.com,Female,2006-11-26
1021,Kurtis,Spelsbury,kspelsburya9@independent.co.uk,Male,2003-09-22
719,Farleigh,Kestell,fkestellaa@nih.gov,Male,1972-03-09
953,Greta,Jefferys,gjefferysab@weibo.com,Female,1974-11-19
901,Barbey,Hoyland,bhoylandac@psu.edu,Female,2006-05-18
101,Alethea,Karlqvist,akarlqvistad@oakley.com,Female,2007-11-01
419,Starla,Heed,sheedae@friendfeed.com,Female,2019-08-07
135,Milt,Jeggo,mjeggoaf@nydailynews.com,Male,1981-08-26
268,Kippie,Fulmen,kfulmenag@hibu.com,Female,1992-05-28
390,Daveen,Cryer,dcryerah@twitpic.com,Female,2010-01-07
753,Kermy,Antonov,kantonovai@google.ru,Non-binary,2014-04-01
719,Anatola,Deex,adeexaj@nbcnews.com,Female,1983-10-16
141,Clarey,Bohman,cbohmanak@ebay.co.uk,Female,2021-12-12
257,Debra,Roggeman,droggemanal@netlog.com,Female,1997-03-15
1059,Astrid,Arman,aarmanam@dell.com,Female,1974-04-30
927,Bruno,MacIlwrick,bmacilwrickan@comsenz.com,Male,1986-08-04
523,Alica,Kruger,akrugerao@fda.gov,Female,1968-01-30
487,Benedict,Tarver,btarverap@blogtalkradio.com,Male,1979-06-03
826,Tyrone,McHardy,tmchardyaq@dmoz.org,Male,2001-04-06
762,Marty,Mayo,mmayoar@hud.gov,Female,1986-09-02
270,Reagan,Kilshaw,rkilshawas@wufoo.com,Male,2015-03-17
831,Abeu,Schober,aschoberat@ovh.net,Agender,1970-02-01
953,Linea,Pawellek,lpawellekau@alexa.com,Female,2011-02-08
908,Aggie,Drache,adracheav@zimbio.com,Female,2003-06-27
927,Adlai,O'Lochan,aolochanaw@chron.com,Male,2006-07-17
976,Arte,Kulis,akulisax@google.co.uk,Male,2011-08-07
538,Elfie,Simonich,esimonichay@artisteer.com,Female,1983-09-20
617,Aili,Burnie,aburnieaz@china.com.cn,Female,1967-12-05
1052,Roosevelt,Macari,rmacarib0@alibaba.com,Male,1988-08-22
116,Ina,Filkov,ifilkovb1@g.co,Female,1980-10-20
909,Angelina,Boxhall,aboxhallb2@bbc.co.uk,Female,1981-01-04
239,Ailis,Brunger,abrungerb3@amazon.co.jp,Female,1999-02-22
952,Elsi,Saxby,esaxbyb4@mail.ru,Non-binary,1990-08-27
727,Cybill,Karlicek,ckarlicekb5@ca.gov,Female,2004-08-07
938,Adora,Arger,aargerb6@behance.net,Female,2018-01-15
193,Wait,Brisse,wbrisseb7@webeden.co.uk,Male,1998-04-27
833,Curt,Stathers,cstathersb8@4shared.com,Male,1986-11-09
165,Gleda,Holywell,gholywellb9@reference.com,Female,1978-10-25
150,Bethena,Kirley,bkirleyba@wufoo.com,Female,2020-04-05
966,Ebonee,Flye,eflyebb@macromedia.com,Female,1989-02-25
897,Jack,Edmans,jedmansbc@g.co,Male,2014-08-31
241,Kathye,Dutnall,kdutnallbd@moonfruit.com,Non-binary,2017-05-20
657,Keri,Paddemore,kpaddemorebe@typepad.com,Female,2021-05-17
956,Sheilakathryn,Baulcombe,sbaulcombebf@harvard.edu,Female,2006-08-28
940,Cirstoforo,Cooley,ccooleybg@xing.com,Male,2012-12-26
849,Marthena,Hoopper,mhoopperbh@mlb.com,Female,1970-06-08
191,Cybil,Bellas,cbellasbi@nifty.com,Female,2019-04-13
696,Sherwin,Havers,shaversbj@nba.com,Male,2004-03-17
689,Armando,Treswell,atreswellbk@domainmarket.com,Male,2005-03-01
953,Dana,Cavill,dcavillbl@comsenz.com,Female,1986-03-31
872,Cherida,Baltrushaitis,cbaltrushaitisbm@usa.gov,Female,1986-04-11
726,Miltie,Brice,mbricebn@cbsnews.com,Genderqueer,2010-10-20
199,Desmond,Mariyushkin,dmariyushkinbo@topsy.com,Male,1979-03-07
218,Chadwick,Mackneis,cmackneisbp@home.pl,Male,2000-08-15
845,Frances,Denver,fdenverbq@nba.com,Female,2002-07-23
471,Cathrin,Gerbel,cgerbelbr@psu.edu,Female,2003-09-22
712,Raquela,Mix,rmixbs@symantec.com,Female,2015-07-31
324,Agosto,Vanini,avaninibt@techcrunch.com,Male,1979-04-23
766,Alano,Petrello,apetrellobu@phoca.cz,Male,2010-12-03
451,Gwendolyn,Keave,gkeavebv@cdbaby.com,Female,1968-07-07
983,Romy,Doram,rdorambw@gmpg.org,Female,2009-07-13
523,Ced,Dagworthy,cdagworthybx@blogtalkradio.com,Male,1986-09-26
715,Golda,Eat,geatby@biblegateway.com,Female,1990-07-11
320,Rustie,Vlach,rvlachbz@1und1.de,Male,1968-12-30
412,Turner,Tortoishell,ttortoishellc0@smh.com.au,Male,2005-10-13
404,Saleem,Gergher,sgergherc1@adobe.com,Male,1986-08-13
415,Storm,MacCague,smaccaguec2@msu.edu,Female,1995-08-20
879,Matilde,Dignon,mdignonc3@deviantart.com,Female,1974-02-26
582,Barty,McReynolds,bmcreynoldsc4@huffingtonpost.com,Non-binary,2001-07-03
614,Oren,Camilletti,ocamillettic5@scribd.com,Male,2012-08-10
380,Minette,Gabbat,mgabbatc6@tuttocitta.it,Female,1999-08-20
221,Gwyneth,Garner,ggarnerc7@goodreads.com,Female,1994-08-27
854,Shela,Clelle,sclellec8@soundcloud.com,Female,1986-10-13
1007,Giacomo,Bohey,gboheyc9@ask.com,Bigender,1998-09-04
406,Chloris,Cinelli,ccinellica@csmonitor.com,Female,1982-09-21
859,Dionne,Franzini,dfranzinicb@hubpages.com,Female,1975-05-07
102,Mandi,Rawlin,mrawlincc@cargocollective.com,Female,1975-03-16
163,Coleen,Braniff,cbraniffcd@epa.gov,Female,2023-03-31
277,Ariadne,Gilardoni,agilardonice@ebay.com,Female,2002-02-12
961,Beatriz,McOrkil,bmcorkilcf@cdc.gov,Female,2004-10-29
251,Charline,Alvey,calveycg@goodreads.com,Female,1971-01-14
972,Roi,Crocker,rcrockerch@ning.com,Male,2006-05-18
871,Broderick,Manon,bmanonci@odnoklassniki.ru,Male,2002-09-22
568,Joseito,Zapata,jzapatacj@elegantthemes.com,Male,2018-06-03
291,Cherry,Gwioneth,cgwionethck@people.com.cn,Female,1967-11-19
1061,Grantley,Hillitt,ghillittcl@alibaba.com,Male,1989-07-04
828,Brigida,Stapells,bstapellscm@instagram.com,Female,1987-02-16
522,Paulie,Kindley,pkindleycn@msu.edu,Female,1999-06-30
611,Austen,Connew,aconnewco@icio.us,Male,1974-09-03
884,Mae,Rocca,mroccacp@google.ca,Female,2005-07-18
838,Jelene,Wardesworth,jwardesworthcq@tamu.edu,Female,1988-07-04
715,Davidde,Condon,dcondoncr@tuttocitta.it,Male,2020-07-10
755,Orren,Dickson,odicksoncs@google.com.br,Male,2017-02-13
239,Marlena,Comer,mcomerct@tripod.com,Female,2006-09-07
696,Jorry,Dicks,jdickscu@flavors.me,Female,1974-10-07
462,Glynda,Pendleberry,gpendleberrycv@imageshack.us,Female,1984-10-27
1098,Flory,Manach,fmanachcw@va.gov,Male,1970-06-25
201,Derry,Smewing,dsmewingcx@intel.com,Male,2009-01-31
957,Brynn,Maslen,bmaslency@ca.gov,Female,1969-06-03
303,Dorelia,Huffy,dhuffycz@cafepress.com,Female,1967-10-04
349,Bernadene,Blanchet,bblanchetd0@lycos.com,Female,1968-06-07
691,Mauricio,Flahy,mflahyd1@deliciousdays.com,Genderqueer,1994-03-26
372,Scotty,Whittet,swhittetd2@wisc.edu,Bigender,1996-05-29
587,Marlane,Towne,mtowned3@webmd.com,Polygender,1976-03-31
749,Fionna,Appleton,fappletond4@ocn.ne.jp,Female,1990-07-13
669,Marmaduke,Quail,mquaild5@etsy.com,Male,2010-05-01
651,Cindelyn,Perot,cperotd6@sfgate.com,Female,1976-12-08
833,Horatius,Cobelli,hcobellid7@people.com.cn,Male,1986-06-25
1053,Prescott,Noot,pnootd8@123-reg.co.uk,Male,1979-05-11
528,Timotheus,Legh,tleghd9@bloglovin.com,Male,1995-07-05
507,Florian,Lidgerton,flidgertonda@economist.com,Male,2000-02-10
1094,Gustave,Creany,gcreanydb@elpais.com,Male,2007-08-31
541,Tait,Hrishchenko,thrishchenkodc@constantcontact.com,Male,1992-03-18
405,Rosalinde,Wiffler,rwifflerdd@vk.com,Female,1974-12-27
279,Kalinda,Gunnell,kgunnellde@360.cn,Female,2020-12-25
678,Venita,Bursnall,vbursnalldf@microsoft.com,Female,1975-09-17
670,Pandora,McClunaghan,pmcclunaghandg@yahoo.com,Female,2007-10-31
351,Lyndsay,Riseborough,lriseboroughdh@mashable.com,Female,2001-12-18
203,Corrie,Baston,cbastondi@zdnet.com,Polygender,2012-10-05
152,Meara,Britney,mbritneydj@constantcontact.com,Female,1978-11-14
659,Witty,Szymon,wszymondk@patch.com,Agender,1976-08-07
1020,Tammie,Bye,tbyedl@surveymonkey.com,Female,1999-07-11
1011,Dayle,Benka,dbenkadm@instagram.com,Female,2015-02-13
846,Robinia,Catterson,rcattersondn@networksolutions.com,Female,1968-10-21
713,Ebba,Whatley,ewhatleydo@nyu.edu,Female,2016-10-18
232,Alfonse,Sainz,asainzdp@japanpost.jp,Male,2015-11-09
601,Clemente,Wallas,cwallasdq@theglobeandmail.com,Male,1975-12-01
467,Devin,Wink,dwinkdr@timesonline.co.uk,Female,1980-09-10
522,Keri,MacRierie,kmacrierieds@illinois.edu,Female,2015-01-16
387,Renato,Midghall,rmidghalldt@sogou.com,Male,2009-04-04
808,Marcia,Mackison,mmackisondu@devhub.com,Female,2004-10-15
404,Giffard,Breeder,gbreederdv@hibu.com,Male,1977-04-21
550,Drusi,Crew,dcrewdw@linkedin.com,Female,1987-04-04
635,Lynnett,Rooke,lrookedx@qq.com,Female,1983-03-14
1012,Aurel,Midgely,amidgelydy@tiny.cc,Female,1993-04-11
365,Inna,Olney,iolneydz@wsj.com,Female,2002-06-02
849,Gwyn,Machin,gmachine0@behance.net,Female,1988-10-03
978,Normand,Tarbett,ntarbette1@epa.gov,Male,1975-07-12
775,Berny,Deniscke,bdenisckee2@comsenz.com,Agender,2018-11-22
221,Sophia,De Ruggiero,sderuggieroe3@smugmug.com,Female,2015-02-13
225,Reynard,Lucio,rlucioe4@google.ru,Male,1974-10-07
545,Matteo,Merkel,mmerkele5@usatoday.com,Male,1998-10-21
304,Elonore,Crutcher,ecrutchere6@github.io,Female,2000-01-12
122,Tucky,Tarry,ttarrye7@columbia.edu,Male,2014-01-06
357,Cleve,Stelfox,cstelfoxe8@admin.ch,Male,1991-07-05
728,Cedric,Vida,cvidae9@sphinn.com,Male,2016-05-03
1097,Conn,O'Towey,cotoweyea@livejournal.com,Male,2012-03-24
539,Arturo,Janjusevic,ajanjuseviceb@elegantthemes.com,Male,1987-11-01
222,Averill,Duferie,aduferieec@cmu.edu,Male,2010-01-13
318,Faina,Bilyard,fbilyarded@wikia.com,Female,1983-03-27
511,Mathew,MattiCCI,mmatticciee@salon.com,Male,1998-05-22
842,Isador,Shipman,ishipmanef@spiegel.de,Male,2002-06-23
230,Christye,Gwyer,cgwyereg@is.gd,Female,1979-03-11
285,Omero,O'Brien,oobrieneh@nsw.gov.au,Male,1984-04-27
482,Emmalee,Pellman,epellmanei@nature.com,Female,2000-02-05
220,Sindee,McKerlie,smckerlieej@desdev.cn,Genderqueer,1979-10-26
997,Maurie,Latore,mlatoreek@blogspot.com,Male,1988-02-12
169,Inglis,Jamot,ijamotel@mozilla.org,Male,2017-11-10
856,Wyndham,Dyos,wdyosem@photobucket.com,Male,1995-11-05
748,Ethelda,Bowbrick,ebowbricken@princeton.edu,Female,1972-06-18
1009,Ulla,Andrat,uandrateo@ftc.gov,Female,2009-09-06
548,Fulvia,Fenton,ffentonep@engadget.com,Female,2014-11-23
941,Yehudi,Burnapp,yburnappeq@forbes.com,Male,1978-06-09
984,Abby,Tooher,atooherer@sakura.ne.jp,Male,1997-10-29
504,Miquela,Bradmore,mbradmorees@zimbio.com,Female,1987-11-26
731,Ruprecht,Jannasch,rjannaschet@devhub.com,Male,1968-11-20
804,Clea,Whitechurch,cwhitechurcheu@github.io,Female,1974-01-09
876,Lauralee,Lloyd,llloydev@newyorker.com,Female,1975-02-24
1078,Mariette,Scripture,mscriptureew@nymag.com,Female,1970-05-16
319,Colet,Duham,cduhamex@cisco.com,Male,2012-07-03
1038,Kipper,Perrone,kperroneey@tamu.edu,Male,2002-12-03
495,Dimitry,Willoughey,dwillougheyez@xing.com,Non-binary,2021-12-21
866,Shir,Iskower,siskowerf0@soundcloud.com,Female,1980-12-16
142,Sal,Arrigucci,sarriguccif1@census.gov,Female,2008-11-03
788,Pooh,Cawston,pcawstonf2@desdev.cn,Female,2010-03-01
226,Daryn,Grange,dgrangef3@domainmarket.com,Female,2010-02-11
686,Beverly,Cotes,bcotesf4@163.com,Female,2020-04-21
204,Cassey,Worrell,cworrellf5@nih.gov,Female,2013-01-08
328,Levin,Doiley,ldoileyf6@twitpic.com,Male,1991-07-31
960,Dannel,Bock,dbockf7@1688.com,Male,1986-06-19
806,Renard,Dougliss,rdouglissf8@nasa.gov,Male,2021-02-20
1090,Aindrea,Lynn,alynnf9@hibu.com,Female,2012-09-11
385,Britni,Filippyev,bfilippyevfa@seesaa.net,Female,1995-11-08
941,Fiann,Rosen,frosenfb@nhs.uk,Female,2019-02-25
317,Rhea,Finnes,rfinnesfc@infoseek.co.jp,Female,2012-04-05
521,Bondie,Whickman,bwhickmanfd@phpbb.com,Male,2003-02-06
628,Charyl,Judkins,cjudkinsfe@mashable.com,Female,1980-08-09
609,Wini,Choake,wchoakeff@si.edu,Female,2013-08-13
361,Debi,Gorler,dgorlerfg@webs.com,Female,1986-03-21
309,Dominica,Sturgeon,dsturgeonfh@vimeo.com,Female,1969-02-25
181,Shandeigh,Sergent,ssergentfi@dion.ne.jp,Female,2015-07-26
561,Xymenes,Brightman,xbrightmanfj@creativecommons.org,Polygender,1993-11-15
287,Vladimir,McGaw,vmcgawfk@nbcnews.com,Male,1975-12-16
719,Anna-diana,Di Meo,adimeofl@latimes.com,Female,2003-01-18
238,Dani,Rodenburgh,drodenburghfm@icq.com,Female,1983-10-06
1039,Shalom,Perrelli,sperrellifn@tumblr.com,Male,2013-03-02
636,Meredeth,Thews,mthewsfo@vk.com,Male,2010-02-17
190,Garrett,Rochford,grochfordfp@dagondesign.com,Genderfluid,1979-06-01
201,Bing,Salla,bsallafq@umn.edu,Male,1975-12-18
915,Chevalier,Koenraad,ckoenraadfr@webmd.com,Male,2019-08-21
291,Lissy,Bilbee,lbilbeefs@free.fr,Female,1983-08-19
715,Jerry,Keasy,jkeasyft@printfriendly.com,Male,1996-05-04
883,Mikol,Swancock,mswancockfu@usda.gov,Male,1992-09-30
365,Timofei,Hayesman,thayesmanfv@canalblog.com,Male,2019-04-05
890,Melantha,McShirie,mmcshiriefw@java.com,Female,1998-12-24
405,Lurline,Chason,lchasonfx@google.co.jp,Female,1982-03-20
235,Keefer,Brasseur,kbrasseurfy@scientificamerican.com,Male,2018-09-11
895,Ethelind,Barlie,ebarliefz@latimes.com,Female,1990-04-15
992,Cheri,Rugieri,crugierig0@fc2.com,Female,2022-02-01
734,Ailbert,Iglesia,aiglesiag1@archive.org,Male,1994-02-11
618,Karly,Konke,kkonkeg2@histats.com,Female,2011-04-17
181,Amata,Haydney,ahaydneyg3@slashdot.org,Female,2006-08-16
449,Julissa,Thunder,jthunderg4@ifeng.com,Female,2008-11-19
505,Wilona,Moisey,wmoiseyg5@themeforest.net,Female,1973-11-10
220,Renato,Shadfourth,rshadfourthg6@quantcast.com,Male,2005-03-23
1013,Estrellita,Chrestien,echrestieng7@mit.edu,Female,2016-08-26
478,Bob,Cleveley,bcleveleyg8@intel.com,Male,2002-10-30
682,Lotta,Novotni,lnovotnig9@prlog.org,Bigender,1975-06-07
904,Saw,Caple,scaplega@pcworld.com,Male,1985-11-02
219,Rickey,Enderle,renderlegb@histats.com,Male,2016-01-10
467,Lanni,Alldridge,lalldridgegc@census.gov,Polygender,1972-05-18
332,Alfy,Toal,atoalgd@thetimes.co.uk,Female,1998-06-25
1025,Alick,Merigon,amerigonge@washingtonpost.com,Male,2011-10-20
268,Edouard,Brendish,ebrendishgf@intel.com,Male,1967-11-11
680,Johnathon,Lamborne,jlambornegg@howstuffworks.com,Bigender,1993-10-17
114,Idelle,Bolesworth,ibolesworthgh@homestead.com,Female,1980-03-14
681,Elisha,Gullen,egullengi@craigslist.org,Polygender,1994-10-25
946,Wanda,Ximenez,wximenezgj@zdnet.com,Female,1990-06-11
168,Jelene,Cyseley,jcyseleygk@alibaba.com,Female,1996-10-21
367,Alf,Rymour,arymourgl@wikipedia.org,Male,2013-11-23
1097,Shandie,Shoesmith,sshoesmithgm@barnesandnoble.com,Female,1982-02-23
506,Merrilee,Fosher,mfoshergn@mapy.cz,Female,1987-11-03
359,Robbert,McGinley,rmcginleygo@themeforest.net,Male,2011-11-09
538,Beauregard,Gurery,bgurerygp@wordpress.com,Male,2011-06-10
923,Wiatt,O'Loughnan,woloughnangq@ezinearticles.com,Male,2005-07-14
887,Seumas,Harhoff,sharhoffgr@discovery.com,Male,1999-01-21
668,Andrej,Gallego,agallegogs@elpais.com,Male,1988-09-07
227,Cammie,Hassen,chassengt@fastcompany.com,Female,2022-01-21
558,Mortimer,Kinvan,mkinvangu@abc.net.au,Male,1998-09-03
726,Harry,Netti,hnettigv@google.com.br,Male,2011-01-04
750,Aubrie,Morffew,amorffewgw@blog.com,Female,2014-03-05
997,Farra,MacRinn,fmacrinngx@mit.edu,Female,2021-07-15
739,Cleavland,Philippault,cphilippaultgy@seesaa.net,Male,1985-01-07
197,Merissa,Benjamin,mbenjamingz@wikia.com,Genderfluid,1970-11-11
205,Garrek,Carass,gcarassh0@prnewswire.com,Male,1979-06-07
1065,Denyse,MacGuigan,dmacguiganh1@tmall.com,Genderfluid,2007-02-08
1038,Marissa,Wistance,mwistanceh2@t.co,Female,2009-08-12
779,Kathie,Wyley,kwyleyh3@ning.com,Female,2011-12-26
485,Shae,Plank,splankh4@a8.net,Female,2008-07-10
259,Crystal,Shoobridge,cshoobridgeh5@ocn.ne.jp,Female,1984-06-24
602,Eddie,Ordemann,eordemannh6@ebay.com,Male,2013-09-18
204,Ira,Mottini,imottinih7@cisco.com,Female,1998-11-19
480,Beau,Castagne,bcastagneh8@naver.com,Male,1984-01-01
783,Libby,Ducker,lduckerh9@simplemachines.org,Bigender,1981-09-09
379,Selene,Watchorn,swatchornha@cbc.ca,Female,1984-03-02
538,Dennis,Sancto,dsanctohb@list-manage.com,Male,2012-03-02
952,Delora,Hancke,dhanckehc@theguardian.com,Female,1991-12-05
446,Beckie,Danslow,bdanslowhd@nationalgeographic.com,Female,2008-12-11
483,Tara,Legendre,tlegendrehe@tamu.edu,Female,1990-03-14
599,Maris,Seleway,mselewayhf@dyndns.org,Female,2008-08-02
1071,Adrianna,Verny,avernyhg@yale.edu,Female,1984-04-05
523,Ned,Rahlof,nrahlofhh@bloomberg.com,Male,2017-02-08
130,Joell,Sheather,jsheatherhi@jugem.jp,Female,1976-10-02
960,Ileane,Sandells,isandellshj@github.com,Female,1968-06-09
993,Corey,Huburn,chuburnhk@linkedin.com,Male,1980-03-18
941,Michail,Pheazey,mpheazeyhl@businessinsider.com,Polygender,2001-01-06
1073,Germain,Lightbourne,glightbournehm@barnesandnoble.com,Male,1975-06-19
428,Ely,Barthelemy,ebarthelemyhn@amazonaws.com,Bigender,1998-01-11
586,Konrad,Pinckney,kpinckneyho@wufoo.com,Male,1978-01-10
216,Lorry,Risborough,lrisboroughhp@wiley.com,Female,1988-08-13
347,Juli,Ubank,jubankhq@independent.co.uk,Polygender,2010-03-06
331,Marcello,Brammall,mbrammallhr@about.com,Male,2012-06-05
764,Guenna,Dunstan,gdunstanhs@joomla.org,Female,2010-06-19
343,Rickard,Dubock,rdubockht@amazonaws.com,Male,1989-05-25
892,Devina,O'Hingerty,dohingertyhu@sfgate.com,Female,1976-05-17
982,Gertrud,Brasner,gbrasnerhv@topsy.com,Female,1976-01-18
729,Constanta,Danher,cdanherhw@bigcartel.com,Female,2002-12-16
865,Benny,Fawlo,bfawlohx@apache.org,Male,2005-02-09
785,Ferrel,Steed,fsteedhy@tamu.edu,Male,1972-09-19
343,Janos,Crasford,jcrasfordhz@nbcnews.com,Male,2022-11-10
574,Tybalt,Bowles,tbowlesi0@sciencedaily.com,Bigender,1988-04-28
1035,Hailee,Denman,hdenmani1@usda.gov,Female,1995-10-14
1038,Alessandra,McCarlich,amccarlichi2@microsoft.com,Female,1968-04-21
863,Wesley,Popham,wpophami3@wikispaces.com,Male,1975-10-19
121,Amalea,Castelletto,acastellettoi4@hexun.com,Female,1999-09-04
197,Dulcea,Brownsey,dbrownseyi5@sfgate.com,Genderqueer,1975-02-20
964,Christiano,Filppetti,cfilppettii6@nhs.uk,Male,1984-02-18
707,Amelie,Errowe,aerrowei7@cornell.edu,Female,2014-01-02
1070,Oona,Booy,obooyi8@opera.com,Female,2006-07-12
247,Siana,Stanwix,sstanwixi9@state.gov,Female,1982-02-17
311,Rollin,Chaney,rchaneyia@intel.com,Non-binary,1999-01-25
659,Zarah,Grayley,zgrayleyib@parallels.com,Female,2020-01-02
1008,Claiborne,Chatband,cchatbandic@tumblr.com,Male,2010-05-03
266,Yard,Macveigh,ymacveighid@princeton.edu,Male,1999-02-04
410,Kristel,Condit,kconditie@zdnet.com,Female,2004-03-02
334,Fayre,Kincey,fkinceyif@zdnet.com,Genderfluid,1992-01-03
663,Hewett,Gauden,hgaudenig@salon.com,Male,2014-10-16
361,Esma,Mityashev,emityashevih@ning.com,Female,1983-05-23
579,Rolland,Gergely,rgergelyii@vinaora.com,Male,1976-09-02
223,Sherye,Wolfendale,swolfendaleij@symantec.com,Female,2010-09-19
763,Aeriell,Henrichs,ahenrichsik@moonfruit.com,Agender,1991-06-15
212,Alis,Fibbens,afibbensil@deviantart.com,Female,2000-05-30
933,Filberto,Luthwood,fluthwoodim@printfriendly.com,Male,1999-04-23
494,Gay,Geri,ggeriin@prweb.com,Female,2013-03-11
861,Cati,Rule,cruleio@squarespace.com,Female,1989-12-26
957,Rolph,Whellams,rwhellamsip@go.com,Male,1998-01-30
310,Ferdinand,Asel,faseliq@ning.com,Male,2006-09-06
966,Paton,Finnick,pfinnickir@theguardian.com,Male,2015-03-26
1007,Nickolai,MacPaden,nmacpadenis@answers.com,Male,2013-01-14
364,Gaultiero,Henrych,ghenrychit@answers.com,Male,2016-11-09
407,Bobbe,Duffree,bduffreeiu@google.com.au,Female,1968-12-31
844,Hamil,Phorsby,hphorsbyiv@intel.com,Male,2013-04-16
152,Tye,Le Noury,tlenouryiw@geocities.jp,Male,1997-06-20
1095,Sutherland,Blackman,sblackmanix@va.gov,Male,1992-04-08
474,Amelita,Alflatt,aalflattiy@cocolog-nifty.com,Polygender,2003-09-23
1071,Cullin,McGebenay,cmcgebenayiz@163.com,Male,2012-04-19
522,Sherry,Maly,smalyj0@nba.com,Agender,2020-04-30
329,Neill,Brisse,nbrissej1@slideshare.net,Male,1991-01-06
801,Charissa,Lahrs,clahrsj2@fc2.com,Non-binary,1980-03-22
433,Wenda,Buxcey,wbuxceyj3@blogtalkradio.com,Female,1993-07-02
653,Paquito,Falkingham,pfalkinghamj4@cam.ac.uk,Agender,2008-05-28
382,Bartlet,Michie,bmichiej5@hibu.com,Male,1990-03-21
302,Matthaeus,Ivamy,mivamyj6@jimdo.com,Non-binary,1983-03-24
258,Waylan,Screase,wscreasej7@columbia.edu,Male,1971-11-12
428,Ned,Brauns,nbraunsj8@canalblog.com,Male,1996-05-09
149,Gaile,Ceillier,gceillierj9@netvibes.com,Male,1986-02-02
1052,Chickie,Prickett,cprickettja@wikimedia.org,Genderqueer,1988-02-07
603,Ealasaid,Munehay,emunehayjb@loc.gov,Female,2017-07-15
398,Ag,Collinson,acollinsonjc@statcounter.com,Female,1979-11-13
845,Arlie,Hobben,ahobbenjd@free.fr,Female,1982-10-02
618,Klaus,Malham,kmalhamje@businessweek.com,Male,1976-11-16
971,Kat,Chaplyn,kchaplynjf@squidoo.com,Female,1996-02-27
892,Reba,Hackinge,rhackingejg@shutterfly.com,Female,1969-09-14
586,Pen,Majury,pmajuryjh@disqus.com,Male,2004-05-31
918,Jedd,Linbohm,jlinbohmji@webeden.co.uk,Male,2013-05-06
961,Clarisse,Mc Curlye,cmccurlyejj@netvibes.com,Female,2002-07-15
348,Olivier,Drury,odruryjk@pagesperso-orange.fr,Male,1977-05-15
515,Karlee,Tunna,ktunnajl@dyndns.org,Female,1988-03-14
794,Roddy,Brotherhood,rbrotherhoodjm@apache.org,Male,1983-09-26
848,Obidiah,Pinilla,opinillajn@walmart.com,Male,1978-04-04
892,Merissa,MacGiolla,mmacgiollajo@europa.eu,Female,1973-12-14
426,Geno,Land,glandjp@bloomberg.com,Male,2001-05-21
1097,Patricia,Johncey,pjohnceyjq@arizona.edu,Female,2018-03-28
574,Leigh,Prigmore,lprigmorejr@parallels.com,Male,2023-03-27
621,Talbert,Boner,tbonerjs@altervista.org,Male,1967-10-15
313,Cecilio,Suttaby,csuttabyjt@bandcamp.com,Male,2019-05-09
122,Shelden,Burrus,sburrusju@typepad.com,Male,2018-10-23
473,Chantal,Lintill,clintilljv@prlog.org,Female,2012-01-03
871,Christoph,Astle,castlejw@independent.co.uk,Male,1983-10-13
888,Henri,Snow,hsnowjx@unc.edu,Male,1986-08-17
161,Miner,Braid,mbraidjy@bloglovin.com,Male,1999-05-04
289,Chrysler,Phillps,cphillpsjz@bloglovin.com,Bigender,2018-06-11
353,Rachel,Ledrun,rledrunk0@telegraph.co.uk,Female,1976-04-23
888,Rianon,Dreghorn,rdreghornk1@addtoany.com,Female,2021-11-05
210,Tabby,Venediktov,tvenediktovk2@posterous.com,Male,2003-02-14
179,Rois,Illes,rillesk3@youtu.be,Female,2012-09-22
281,Stanislaw,Poyser,spoyserk4@trellian.com,Male,1969-09-22
1031,Milly,Burthom,mburthomk5@squarespace.com,Female,1981-06-13
345,Saunderson,Wray,swrayk6@jimdo.com,Male,1989-10-27
132,Ali,Golley,agolleyk7@domainmarket.com,Female,1984-02-11
575,Waldemar,Kendal,wkendalk8@pbs.org,Male,2002-01-02
783,Aldo,Done,adonek9@phoca.cz,Male,2009-11-04
918,Stefan,Frary,sfraryka@hugedomains.com,Male,1990-01-14
871,Luz,Mostin,lmostinkb@lulu.com,Female,2019-09-05
195,Elroy,Getley,egetleykc@clickbank.net,Male,2022-07-05
743,Karoline,Shorte,kshortekd@soundcloud.com,Female,1998-01-11
791,Sutherland,Rosier,srosierke@unc.edu,Male,2007-12-02
138,Udall,Steenson,usteensonkf@mac.com,Male,1969-01-16
815,Iseabal,Suggate,isuggatekg@youtube.com,Non-binary,2014-01-07
599,Flore,Weild,fweildkh@tuttocitta.it,Female,2013-03-14
519,Frasco,Baughen,fbaughenki@slideshare.net,Male,2006-12-27
1066,Linette,Vizard,lvizardkj@theglobeandmail.com,Female,2018-06-28
260,Humfrey,Hullyer,hhullyerkk@devhub.com,Male,1978-04-02
1078,Ania,Barras,abarraskl@cornell.edu,Female,1988-07-16
527,Vale,Karpol,vkarpolkm@phpbb.com,Male,1969-08-30
359,Benny,Beevors,bbeevorskn@deliciousdays.com,Male,2008-02-08
699,Ciro,Hindes,chindesko@youku.com,Male,2004-02-03
362,Dolph,Diano,ddianokp@gov.uk,Male,2013-04-08
873,Roxi,Perazzo,rperazzokq@wordpress.com,Female,1993-08-19
151,Rosaline,Arnaudet,rarnaudetkr@dropbox.com,Female,2005-01-04
253,Kaylee,Griswaite,kgriswaiteks@sourceforge.net,Genderqueer,2012-11-12
322,Sergent,Parkyn,sparkynkt@parallels.com,Genderfluid,2014-02-15
421,Angelique,Ogdahl,aogdahlku@time.com,Female,1977-11-07
652,Biron,Hansmann,bhansmannkv@dot.gov,Male,1977-09-29
1033,Gunner,Davidek,gdavidekkw@va.gov,Male,1984-06-21
395,Kendal,Mockes,kmockeskx@lycos.com,Male,1981-06-07
1072,Stillmann,Provest,sprovestky@ucoz.ru,Male,2007-05-08
842,Jehu,Corns,jcornskz@drupal.org,Male,2022-04-14
992,Essy,Passingham,epassinghaml0@shareasale.com,Female,2018-10-22
801,Tabby,Anthes,tanthesl1@ca.gov,Female,1980-04-04
576,Christoforo,Pendall,cpendalll2@dyndns.org,Male,2005-07-23
805,Kirsten,Mulvin,kmulvinl3@4shared.com,Female,2018-08-23
105,Demeter,Ingleson,dinglesonl4@google.ru,Female,2010-02-19
497,Marjorie,Clelle,mclellel5@adobe.com,Female,2004-05-27
683,Emiline,Westall,ewestalll6@home.pl,Female,1976-04-11
523,Marv,Arnull,marnulll7@dot.gov,Male,2003-07-05
1072,Webb,Thurlby,wthurlbyl8@intel.com,Male,2016-09-03
186,Duke,Baythrop,dbaythropl9@cdbaby.com,Male,2011-02-15
338,Nelia,Petrussi,npetrussila@reference.com,Female,2022-03-01
1045,Essie,Grinval,egrinvallb@nasa.gov,Female,2013-11-04
734,Davis,Boydle,dboydlelc@rambler.ru,Genderqueer,1997-11-30
623,Ofilia,Cicerone,ociceroneld@sphinn.com,Female,1971-04-06
776,Minda,Caldicot,mcaldicotle@ask.com,Female,1987-09-03
512,Manuel,Pelz,mpelzlf@forbes.com,Male,1980-06-04
829,Rodge,Levitt,rlevittlg@prweb.com,Male,2010-12-10
1096,Ardene,Broadbear,abroadbearlh@usnews.com,Female,2012-05-25
285,Emmott,Wilhelmy,ewilhelmyli@networkadvertising.org,Male,2006-10-31
982,Claiborne,Fassmann,cfassmannlj@sun.com,Male,2015-05-25
664,Mara,Zamboniari,mzamboniarilk@boston.com,Female,1985-04-04
648,Trumaine,Cammacke,tcammackell@eepurl.com,Male,2013-02-21
349,Chrisse,Garrett,cgarrettlm@oakley.com,Male,1985-12-06
492,Casie,Farny,cfarnyln@de.vu,Female,2001-04-21
234,Christophe,Lavrinov,clavrinovlo@gov.uk,Male,1983-03-08
444,Dicky,Friedank,dfriedanklp@disqus.com,Male,2019-04-02
248,Dicky,Gillis,dgillislq@bloomberg.com,Male,1968-12-27
127,Daphna,Cawsby,dcawsbylr@typepad.com,Female,1968-11-16
700,Heywood,Hanscom,hhanscomls@house.gov,Male,1998-09-29
104,Erena,Walworche,ewalworchelt@epa.gov,Female,2006-10-24
541,Archie,Wingar,awingarlu@deviantart.com,Genderfluid,2008-05-06
807,Melicent,Weepers,mweeperslv@ow.ly,Female,2021-12-22
275,Tawnya,Bartosiak,tbartosiaklw@ca.gov,Female,1988-09-26
772,Kalvin,Hurler,khurlerlx@cbslocal.com,Male,1997-06-07
625,Brien,Milsom,bmilsomly@businesswire.com,Male,2003-03-31
1005,York,Dwight,ydwightlz@upenn.edu,Male,2008-12-31
372,Anallese,Alten,aaltenm0@sohu.com,Female,1967-08-11
915,Raymond,Janikowski,rjanikowskim1@feedburner.com,Male,2010-10-16
739,Amandi,Dalyell,adalyellm2@histats.com,Female,1990-11-26
276,Jess,Tomanek,jtomanekm3@blogger.com,Male,2019-06-30
203,Justine,Hirche,jhirchem4@statcounter.com,Female,2011-08-16
802,Karyl,Pilsworth,kpilsworthm5@ted.com,Bigender,1980-12-22
496,Barbey,Portinari,bportinarim6@skyrock.com,Female,2004-05-29
986,Kasey,Gregor,kgregorm7@harvard.edu,Female,1975-11-12
580,Clive,Pinch,cpinchm8@people.com.cn,Male,1980-05-30
792,Berk,Hargroves,bhargrovesm9@fotki.com,Male,1993-07-09
532,Eddie,Attenbrow,eattenbrowma@narod.ru,Female,2015-12-07
751,Will,Witt,wwittmb@ask.com,Male,1980-10-02
229,Syd,Puleston,spulestonmc@stumbleupon.com,Male,2016-12-26
128,Nil,Welbourn,nwelbournmd@linkedin.com,Male,2011-10-13
571,Jaime,Fuxman,jfuxmanme@google.com.br,Polygender,2013-08-11
910,Else,Spelwood,espelwoodmf@hostgator.com,Female,1971-05-03
582,Christalle,Garaghan,cgaraghanmg@aol.com,Female,2007-09-24
965,Wang,Counihan,wcounihanmh@exblog.jp,Male,2002-04-30
362,Johannes,Fosserd,jfosserdmi@purevolume.com,Male,2010-07-17
429,Bentley,Dumsday,bdumsdaymj@people.com.cn,Male,2015-06-15
404,Ringo,Whatley,rwhatleymk@bandcamp.com,Male,2015-07-01
1029,Paola,Minchenton,pminchentonml@oaic.gov.au,Female,2023-02-10
535,Colas,Crosskell,ccrosskellmm@dailymotion.com,Male,2013-12-16
900,Luke,Dutton,lduttonmn@ow.ly,Male,1974-10-09
617,Gusti,Olyet,golyetmo@wunderground.com,Female,1972-03-24
504,Olwen,Warton,owartonmp@mashable.com,Female,2022-05-05
683,Lisha,Pauncefoot,lpauncefootmq@wix.com,Female,1982-11-07
431,Grace,Brickhill,gbrickhillmr@ca.gov,Male,1983-03-15
144,Bunny,Shade,bshadems@upenn.edu,Female,2011-10-05
1029,Stanton,Camm,scammmt@google.es,Genderfluid,1969-11-02
619,Barbara,Beardsdale,bbeardsdalemu@google.nl,Female,1997-01-04
1098,Konrad,Antat,kantatmv@creativecommons.org,Male,1967-10-24
257,Isidoro,McCotter,imccottermw@chron.com,Male,2009-01-20
979,Matthaeus,Regenhardt,mregenhardtmx@google.com.br,Male,1978-08-09
1035,Waverly,holmes,wholmesmy@arizona.edu,Male,2018-10-22
435,Hubey,Lammas,hlammasmz@latimes.com,Male,1996-03-21
915,Venita,Escofier,vescofiern0@howstuffworks.com,Female,2004-02-10
625,Tildy,Nern,tnernn1@cnn.com,Female,2022-07-20
1085,Carmelita,Gooda,cgoodan2@time.com,Female,2008-03-19
373,Jodi,Northley,jnorthleyn3@oakley.com,Female,1974-09-03
295,Colet,Fishburn,cfishburnn4@nba.com,Polygender,2017-07-08
531,Mei,O'Sculley,mosculleyn5@buzzfeed.com,Female,1985-01-21
162,Gerrie,Filipowicz,gfilipowiczn6@patch.com,Bigender,2012-02-07
375,Sarah,Ickowics,sickowicsn7@g.co,Female,1990-12-28
109,Dominga,Theodore,dtheodoren8@businesswire.com,Female,1992-03-05
575,Tania,Austwick,taustwickn9@bravesites.com,Female,1995-02-11
1053,Lonna,Allsop,lallsopna@fc2.com,Female,2013-11-13
321,Jo,Mockford,jmockfordnb@networkadvertising.org,Male,1987-12-31
363,Natal,Vernalls,nvernallsnc@telegraph.co.uk,Male,2001-07-18
111,Lelah,Ridgeway,lridgewaynd@squidoo.com,Genderfluid,2002-12-04
879,Hubert,Wychard,hwychardne@rakuten.co.jp,Male,1998-10-23
1007,Corey,Wards,cwardsnf@cisco.com,Female,1969-04-05
1088,Igor,Loxton,iloxtonng@umich.edu,Male,2002-09-21
267,Nickolas,Cordova,ncordovanh@csmonitor.com,Male,2002-12-10
128,Odele,Lindenblatt,olindenblattni@auda.org.au,Female,2022-01-07
485,Laurent,Ert,lertnj@latimes.com,Male,1977-03-03
553,Christiane,Whettleton,cwhettletonnk@blogspot.com,Female,1986-03-17
233,Suzann,Chorlton,schorltonnl@acquirethisname.com,Female,1991-02-16
192,Dahlia,Limbourne,dlimbournenm@apache.org,Female,1987-06-22
173,Pierce,Meeking,pmeekingnn@state.tx.us,Male,2013-07-30
1054,Anna-diane,O'Nion,aonionno@economist.com,Female,1991-08-17
1048,Marvin,Jandera,mjanderanp@parallels.com,Male,2018-12-28
540,Nick,Burlay,nburlaynq@com.com,Male,1968-05-02
139,Alfreda,Juan,ajuannr@prlog.org,Female,1975-11-29
1078,Nikita,Shiels,nshielsns@businessinsider.com,Male,1971-05-27
900,Dominique,Knox,dknoxnt@yellowpages.com,Male,2011-12-06
271,Glynis,Josilowski,gjosilowskinu@discovery.com,Female,1968-07-05
846,Celene,Farran,cfarrannv@furl.net,Female,1970-03-31
674,Bronnie,Laverty,blavertynw@biblegateway.com,Male,1983-07-07
1009,Hillery,Ygoe,hygoenx@wiley.com,Male,1995-03-05
1034,Tiffie,Roddan,troddanny@sun.com,Female,2009-11-07
497,Levi,St. Clair,lstclairnz@geocities.jp,Non-binary,2006-01-23
921,Fay,Strapp,fstrappo0@wp.com,Female,1978-04-06
652,Waring,Reddick,wreddicko1@networksolutions.com,Male,1977-08-08
493,Ailene,Boards,aboardso2@flavors.me,Female,2017-06-12
690,Vitia,Garnul,vgarnulo3@parallels.com,Female,1999-05-07
324,Georgeta,Strothers,gstrotherso4@ning.com,Female,2014-04-23
244,Almeria,Witherbed,awitherbedo5@bravesites.com,Female,1986-08-10
271,Gail,Blagdon,gblagdono6@mail.ru,Genderfluid,2019-06-14
718,Shepard,Mackro,smackroo7@bloglovin.com,Male,2015-01-27
811,Sully,Willingale,swillingaleo8@msu.edu,Male,2001-08-29
649,Andros,Rosingdall,arosingdallo9@imdb.com,Male,1983-04-04
470,Udell,Ponter,uponteroa@joomla.org,Male,1996-11-22
948,Sol,Egleton,segletonob@europa.eu,Male,1978-10-15
709,Gonzales,O'Keevan,gokeevanoc@wikia.com,Male,2007-02-15
1098,Morgen,Salatino,msalatinood@privacy.gov.au,Male,1985-01-16
1072,Ricky,Mutimer,rmutimeroe@cmu.edu,Male,2003-05-08
292,Cathie,Renish,crenishof@bloglines.com,Female,2003-09-25
681,Hilton,Pearcey,hpearceyog@dmoz.org,Polygender,1994-09-08
768,Andras,Dungee,adungeeoh@sourceforge.net,Male,1981-08-05
191,Mabelle,Bente,mbenteoi@slashdot.org,Female,1987-07-22
779,Toddie,Lyfield,tlyfieldoj@independent.co.uk,Male,2012-08-15
481,Gertruda,Eamer,geamerok@google.cn,Female,2005-11-10
630,Merrili,Housen,mhousenol@discuz.net,Female,1989-04-19
606,Antonella,Whaley,awhaleyom@shop-pro.jp,Female,2000-02-12
151,Sianna,Lindman,slindmanon@tripadvisor.com,Female,1986-03-06
899,Siouxie,Egalton,segaltonoo@blogs.com,Female,2021-02-21
830,Hasty,Jennions,hjennionsop@spotify.com,Male,2006-09-06
460,Modesta,Dumphreys,mdumphreysoq@chron.com,Polygender,2001-01-30
737,Salome,Treacher,streacheror@domainmarket.com,Female,2005-07-23
1034,Joshia,Sturm,jsturmos@ning.com,Male,2018-02-15
476,Jeanine,Jaffray,jjaffrayot@amazon.co.uk,Female,2005-09-14
863,Carmela,Crain,ccrainou@census.gov,Female,1973-12-08
945,Hamilton,Ranvoise,hranvoiseov@google.de,Male,1994-11-29
381,Paten,Gunton,pguntonow@globo.com,Male,1995-12-10
871,Gustaf,Rudram,grudramox@google.fr,Male,1977-09-28
331,Gisela,Seakes,gseakesoy@umn.edu,Female,1990-07-16
510,Meggy,Mamwell,mmamwelloz@zimbio.com,Female,1999-02-09
614,Gordon,Moore,gmoorep0@mozilla.org,Male,1977-01-19
925,Shannon,Bottomer,sbottomerp1@naver.com,Female,1999-03-14
797,Flo,Ivatts,fivattsp2@smugmug.com,Polygender,1984-11-28
902,Dory,Izakof,dizakofp3@noaa.gov,Male,2021-05-08
477,Silvanus,Eberle,seberlep4@blogger.com,Male,1975-05-14
204,Jared,Messam,jmessamp5@zdnet.com,Male,2016-08-29
205,Sascha,Spreull,sspreullp6@mail.ru,Male,2013-07-05
911,Toby,Toal,ttoalp7@arstechnica.com,Male,1989-12-08
639,Jennifer,Booton,jbootonp8@woothemes.com,Female,1968-09-23
755,Jeralee,Coils,jcoilsp9@naver.com,Female,1997-12-20
842,Opal,Behnke,obehnkepa@adobe.com,Female,2000-05-05
182,Wayne,Etheredge,wetheredgepb@epa.gov,Male,2018-06-17
979,Jenica,Stair,jstairpc@guardian.co.uk,Female,1991-03-02
681,Kingsly,O'Cannan,kocannanpd@goo.ne.jp,Male,2020-07-11
409,Giraldo,Extall,gextallpe@vkontakte.ru,Male,2021-01-27
232,Myrta,enzley,menzleypf@infoseek.co.jp,Female,2017-04-17
898,Paula,Zanelli,pzanellipg@chronoengine.com,Female,1993-02-25
287,Stanleigh,Silk,ssilkph@guardian.co.uk,Male,2021-05-08
475,Cornela,Hannon,channonpi@ning.com,Female,2018-08-23
578,Bennie,Billsberry,bbillsberrypj@slashdot.org,Female,1996-10-07
807,Osmund,Kusick,okusickpk@harvard.edu,Male,1994-08-13
1001,Claudianus,Scholar,cscholarpl@amazon.com,Male,2022-09-13
310,Coleman,Fallanche,cfallanchepm@answers.com,Male,2013-09-01
861,Marcello,Pyke,mpykepn@reference.com,Male,1991-01-31
441,Dario,Pfaffe,dpfaffepo@macromedia.com,Male,2014-12-16
988,Laurie,Widdowfield,lwiddowfieldpp@apache.org,Male,1967-11-28
789,Eleanor,Spaunton,espauntonpq@drupal.org,Female,1974-08-14
890,Darin,Witling,dwitlingpr@e-recht24.de,Male,2010-12-10
787,Sydel,Stapylton,sstapyltonps@theatlantic.com,Female,1997-12-14
476,Hyatt,Orry,horrypt@gravatar.com,Male,1990-08-25
810,Rem,Randleson,rrandlesonpu@house.gov,Male,2021-11-17
1037,Norbie,Will,nwillpv@pcworld.com,Male,2015-05-26
230,Helli,Henmarsh,hhenmarshpw@google.co.uk,Female,2008-10-19
324,Kyle,Gathercole,kgathercolepx@wikia.com,Female,1981-05-22
490,Armand,Spawell,aspawellpy@ihg.com,Male,2009-09-30
127,Thain,Nijssen,tnijssenpz@hp.com,Male,2013-10-07
248,Warde,Veivers,wveiversq0@amazonaws.com,Male,2015-04-24
1056,Klaus,Bidgod,kbidgodq1@ca.gov,Male,1998-12-25
1052,Wylma,Casaccio,wcasaccioq2@archive.org,Female,1988-10-24
522,Constantia,Andreichik,candreichikq3@guardian.co.uk,Female,2017-08-20
876,Emalia,Kensall,ekensallq4@woothemes.com,Female,1970-06-07
1063,Dorey,Jobb,djobbq5@arizona.edu,Male,1986-02-06
584,Woodrow,Moreside,wmoresideq6@ftc.gov,Male,2006-09-25
1063,Carina,Philliskirk,cphilliskirkq7@wikimedia.org,Female,1992-02-09
1000,Pauli,Meugens,pmeugensq8@intel.com,Female,1975-10-18
525,Kipp,Realff,krealffq9@123-reg.co.uk,Female,1970-12-31
460,Fernande,Kenyon,fkenyonqa@earthlink.net,Female,1984-07-27
830,Gualterio,Mairs,gmairsqb@e-recht24.de,Male,2002-06-23
883,Sarina,Poytress,spoytressqc@fema.gov,Female,1998-05-21
510,Maia,McSkeagan,mmcskeaganqd@ebay.co.uk,Female,1979-12-17
1055,Pepito,Greenman,pgreenmanqe@ovh.net,Male,1970-11-04
543,York,Jodlowski,yjodlowskiqf@simplemachines.org,Male,2008-12-02
418,Agathe,Commucci,acommucciqg@globo.com,Female,2012-08-06
305,Flore,Ickovitz,fickovitzqh@blogger.com,Agender,1980-03-28
194,Analise,Catlette,acatletteqi@microsoft.com,Female,2004-07-27
738,Margaux,Devine,mdevineqj@gnu.org,Female,2004-07-26
139,Wandie,Miller,wmillerqk@com.com,Female,1987-04-08
619,Kirsti,Tarbatt,ktarbattql@buzzfeed.com,Polygender,2011-09-13
926,Zonnya,Lound,zloundqm@amazon.de,Female,1978-05-18
905,Loren,Magovern,lmagovernqn@indiatimes.com,Male,1970-03-07
133,Marie,Dopson,mdopsonqo@bizjournals.com,Female,1989-12-13
398,Marchelle,Pershouse,mpershouseqp@cornell.edu,Female,2003-03-30
916,Diahann,Strutley,dstrutleyqq@wired.com,Female,1982-04-27
974,Kaiser,De Caroli,kdecaroliqr@miitbeian.gov.cn,Male,1984-10-10
422,Freeman,Vanne,fvanneqs@cornell.edu,Male,1978-11-18
840,Ysabel,Chrestien,ychrestienqt@typepad.com,Female,1980-12-17
944,Rourke,Strachan,rstrachanqu@salon.com,Male,1974-10-24
1051,Weber,Weich,wweichqv@squarespace.com,Male,1980-11-29
735,Pepi,Bransgrove,pbransgroveqw@mapquest.com,Female,2014-02-06
972,Veronike,Houtby,vhoutbyqx@youtube.com,Female,1986-07-08
891,Brynna,Davidovici,bdavidoviciqy@sphinn.com,Female,1998-05-13
120,Erinn,Preshaw,epreshawqz@1688.com,Female,1998-07-11
350,Nina,Jeffree,njeffreer0@rediff.com,Female,2000-06-20
904,Aldin,Chapleo,achapleor1@huffingtonpost.com,Male,1983-05-06
114,Daveen,Spofford,dspoffordr2@webnode.com,Bigender,1985-01-25
630,Lindsey,Bridgeman,lbridgemanr3@toplist.cz,Male,1984-10-16
1020,Aubree,Younghusband,ayounghusbandr4@state.gov,Female,1989-07-23
848,Fredi,Deshon,fdeshonr5@cdc.gov,Female,1988-07-12
225,Sasha,Corneljes,scorneljesr6@cnet.com,Female,2006-12-19
400,Debbie,Ganing,dganingr7@nhs.uk,Female,2022-01-18
854,Federico,Moxsom,fmoxsomr8@plala.or.jp,Male,1993-09-18
1022,Maddy,Millgate,mmillgater9@discovery.com,Polygender,1980-05-12
294,Siobhan,Doggart,sdoggartra@bloglines.com,Female,2015-03-25
443,Felipe,Brightey,fbrighteyrb@elpais.com,Male,2009-07-27
171,Rustie,Oakenford,roakenfordrc@tmall.com,Male,1986-03-06
605,Fanny,Leeb,fleebrd@cisco.com,Female,2005-09-25
202,Kipp,Jennens,kjennensre@ezinearticles.com,Female,1976-12-24
945,Gwenny,Mcmanaman,gmcmanamanrf@walmart.com,Female,2004-10-10
1083,Antonius,Corwin,acorwinrg@wikia.com,Male,2014-10-29
570,Barnett,de Leon,bdeleonrh@hud.gov,Male,1977-07-26
473,Cordie,Yurikov,cyurikovri@ebay.co.uk,Female,1972-10-05
1025,Belinda,Leaming,bleamingrj@goo.gl,Female,2020-12-13
137,Corinne,Aubert,caubertrk@discuz.net,Female,1991-11-20
619,Demetrius,Lawfull,dlawfullrl@japanpost.jp,Male,2017-09-03
533,Lucho,Akeherst,lakeherstrm@icq.com,Male,1975-09-17
1012,Lay,O'Carroll,locarrollrn@miitbeian.gov.cn,Male,1990-12-12
605,Bayard,Szimon,bszimonro@symantec.com,Male,1974-11-26
658,Perl,Gabey,pgabeyrp@odnoklassniki.ru,Female,2002-10-31
661,Korrie,Weekland,kweeklandrq@themeforest.net,Female,2009-03-14
352,Roman,Godsil,rgodsilrr@hud.gov,Male,1999-05-30
